{
  "intent_model_summary": {
    "code_debugging": {
      "accounts/fireworks/models/kimi-k2p7-code": {
        "test": {
          "average_tokens": 317.3863636363636,
          "binary_accuracy": 0.6,
          "binary_rows": 35,
          "binary_wilson_lower_95": 0.435727090128925,
          "conservative_accuracy": 0.4772727272727273,
          "conservative_wilson_lower_95": 0.33754991032251097,
          "correct": 21,
          "incorrect_or_uncertain": 23,
          "rows": 44,
          "tokens": 13965
        },
        "validation": {
          "average_tokens": 327.0833333333333,
          "binary_accuracy": 0.5714285714285714,
          "binary_rows": 28,
          "binary_wilson_lower_95": 0.3907078562746876,
          "conservative_accuracy": 0.4444444444444444,
          "conservative_wilson_lower_95": 0.29541268740080223,
          "correct": 16,
          "incorrect_or_uncertain": 20,
          "rows": 36,
          "tokens": 11775
        }
      },
      "accounts/fireworks/models/minimax-m3": {
        "test": {
          "average_tokens": 424.25,
          "binary_accuracy": 0.625,
          "binary_rows": 32,
          "binary_wilson_lower_95": 0.4525440735307745,
          "conservative_accuracy": 0.45454545454545453,
          "conservative_wilson_lower_95": 0.31705234142220895,
          "correct": 20,
          "incorrect_or_uncertain": 24,
          "rows": 44,
          "tokens": 18667
        },
        "validation": {
          "average_tokens": 456.19444444444446,
          "binary_accuracy": 0.4482758620689655,
          "binary_rows": 29,
          "binary_wilson_lower_95": 0.284131680230372,
          "conservative_accuracy": 0.3611111111111111,
          "conservative_wilson_lower_95": 0.2247559294651537,
          "correct": 13,
          "incorrect_or_uncertain": 23,
          "rows": 36,
          "tokens": 16423
        }
      }
    },
    "code_generation": {
      "accounts/fireworks/models/kimi-k2p7-code": {
        "test": {
          "average_tokens": 257.64516129032256,
          "binary_accuracy": 0.7037037037037037,
          "binary_rows": 27,
          "binary_wilson_lower_95": 0.5151931703585185,
          "conservative_accuracy": 0.6129032258064516,
          "conservative_wilson_lower_95": 0.4382410861966073,
          "correct": 19,
          "incorrect_or_uncertain": 12,
          "rows": 31,
          "tokens": 7987
        },
        "validation": {
          "average_tokens": 269.9047619047619,
          "binary_accuracy": 0.6388888888888888,
          "binary_rows": 36,
          "binary_wilson_lower_95": 0.47575075485558044,
          "conservative_accuracy": 0.5476190476190477,
          "conservative_wilson_lower_95": 0.39949119034733493,
          "correct": 23,
          "incorrect_or_uncertain": 19,
          "rows": 42,
          "tokens": 11336
        }
      },
      "accounts/fireworks/models/minimax-m3": {
        "test": {
          "average_tokens": 369.51612903225805,
          "binary_accuracy": 0.6086956521739131,
          "binary_rows": 23,
          "binary_wilson_lower_95": 0.4078552239138171,
          "conservative_accuracy": 0.45161290322580644,
          "conservative_wilson_lower_95": 0.29161735980520015,
          "correct": 14,
          "incorrect_or_uncertain": 17,
          "rows": 31,
          "tokens": 11455
        },
        "validation": {
          "average_tokens": 370.3809523809524,
          "binary_accuracy": 0.7333333333333333,
          "binary_rows": 30,
          "binary_wilson_lower_95": 0.555520383048111,
          "conservative_accuracy": 0.5238095238095238,
          "conservative_wilson_lower_95": 0.37722464131344974,
          "correct": 22,
          "incorrect_or_uncertain": 20,
          "rows": 42,
          "tokens": 15556
        }
      }
    },
    "factual_qa": {
      "accounts/fireworks/models/kimi-k2p7-code": {
        "test": {
          "average_tokens": 182.30769230769232,
          "binary_accuracy": 0.8333333333333334,
          "binary_rows": 18,
          "binary_wilson_lower_95": 0.6077796189608428,
          "conservative_accuracy": 0.5769230769230769,
          "conservative_wilson_lower_95": 0.3894861374659171,
          "correct": 15,
          "incorrect_or_uncertain": 11,
          "rows": 26,
          "tokens": 4740
        },
        "validation": {
          "average_tokens": 212.86486486486487,
          "binary_accuracy": 0.7666666666666667,
          "binary_rows": 30,
          "binary_wilson_lower_95": 0.5907167384187784,
          "conservative_accuracy": 0.6216216216216216,
          "conservative_wilson_lower_95": 0.46100430439217654,
          "correct": 23,
          "incorrect_or_uncertain": 14,
          "rows": 37,
          "tokens": 7876
        }
      },
      "accounts/fireworks/models/minimax-m3": {
        "test": {
          "average_tokens": 294.0769230769231,
          "binary_accuracy": 0.9375,
          "binary_rows": 16,
          "binary_wilson_lower_95": 0.7167126242970107,
          "conservative_accuracy": 0.5769230769230769,
          "conservative_wilson_lower_95": 0.3894861374659171,
          "correct": 15,
          "incorrect_or_uncertain": 11,
          "rows": 26,
          "tokens": 7646
        },
        "validation": {
          "average_tokens": 298.7837837837838,
          "binary_accuracy": 0.6896551724137931,
          "binary_rows": 29,
          "binary_wilson_lower_95": 0.5076986576690685,
          "conservative_accuracy": 0.5405405405405406,
          "conservative_wilson_lower_95": 0.38384046892179496,
          "correct": 20,
          "incorrect_or_uncertain": 17,
          "rows": 37,
          "tokens": 11055
        }
      }
    },
    "logic_puzzle": {
      "accounts/fireworks/models/kimi-k2p7-code": {
        "test": {
          "average_tokens": 261.27272727272725,
          "binary_accuracy": 0.8285714285714286,
          "binary_rows": 35,
          "binary_wilson_lower_95": 0.6731771770095504,
          "conservative_accuracy": 0.6590909090909091,
          "conservative_wilson_lower_95": 0.5113914121793824,
          "correct": 29,
          "incorrect_or_uncertain": 15,
          "rows": 44,
          "tokens": 11496
        },
        "validation": {
          "average_tokens": 243.09677419354838,
          "binary_accuracy": 0.7727272727272727,
          "binary_rows": 22,
          "binary_wilson_lower_95": 0.5656004682477829,
          "conservative_accuracy": 0.5483870967741935,
          "conservative_wilson_lower_95": 0.3777216763735451,
          "correct": 17,
          "incorrect_or_uncertain": 14,
          "rows": 31,
          "tokens": 7536
        }
      },
      "accounts/fireworks/models/minimax-m3": {
        "test": {
          "average_tokens": 366.09090909090907,
          "binary_accuracy": 0.6333333333333333,
          "binary_rows": 30,
          "binary_wilson_lower_95": 0.45513563654794864,
          "conservative_accuracy": 0.4318181818181818,
          "conservative_wilson_lower_95": 0.296827234085178,
          "correct": 19,
          "incorrect_or_uncertain": 25,
          "rows": 44,
          "tokens": 16108
        },
        "validation": {
          "average_tokens": 342.258064516129,
          "binary_accuracy": 0.75,
          "binary_rows": 24,
          "binary_wilson_lower_95": 0.55100555994846,
          "conservative_accuracy": 0.5806451612903226,
          "conservative_wilson_lower_95": 0.40766262495369715,
          "correct": 18,
          "incorrect_or_uncertain": 13,
          "rows": 31,
          "tokens": 10610
        }
      }
    },
    "math_reasoning": {
      "accounts/fireworks/models/kimi-k2p7-code": {
        "test": {
          "average_tokens": 222.63636363636363,
          "binary_accuracy": 0.8125,
          "binary_rows": 16,
          "binary_wilson_lower_95": 0.5699111903802586,
          "conservative_accuracy": 0.5909090909090909,