{
  "allowed_intents": [
    "sentiment"
  ],
  "coefficients": [
    0.21229811824010014,
    0.5001244296202647,
    -0.9408504565265986,
    1.1971756112917211,
    0.5113321589439564,
    0.21453277220798253,
    -0.03900455692544146,
    -0.6530479364195515,
    -0.5800568609339857,
    0.11189722119273059,
    -0.26201695028825595,
    -0.038633518384267825,
    -1.3777422171111218,
    -0.10373132346342503
  ],
  "decision_threshold": 0.75,
  "default_enabled": true,
  "feature_names": [
    "intent.factual_qa",
    "intent.math_reasoning",
    "intent.sentiment",
    "intent.summarization",
    "intent.ner",
    "intent.code_debugging",
    "intent.logic_puzzle",
    "intent.code_generation",
    "score.deterministic_fit",
    "score.reasoning_demand",
    "score.knowledge_uncertainty",
    "score.generation_demand",
    "score.format_complexity"
  ],
  "fit_positive": 1551,
  "fit_rows": 3982,
  "invalid_270m_route": "fireworks",
  "models_by_intent": {
    "code_debugging": [
      -0.09948168542259317,
      0.06842737177030954,
      -0.27312658132252515,
      -0.09960088177223807,
      -0.553339107838712,
      -0.3372023509671386
    ],
    "code_generation": [
      -0.5783414985916425,
      -0.16909816983157125,
      -0.5396129593896561,
      -0.09099361811826143,
      -0.6749274158801951,
      -0.15137227463911362
    ],
    "factual_qa": [
      0.18968064221264938,
      0.12443876186438031,
      0.3153937090608323,
      0.03900318028074465,
      -0.4777354575210612,
      0.24609970140957105
    ],
    "logic_puzzle": [
      -0.4048085737647113,
      -0.4623925312065588,
      -0.7586098636285731,
      -0.12531837076141913,
      -0.6317025136170761,
      0.06091500306916657
    ],
    "math_reasoning": [
      -0.996695008140263,
      -0.2609331028758077,
      -0.38220297542991366,
      -0.0011957784605030448,
      -0.44501502850381275,
      0.2509676539747614
    ],
    "ner": [
      1.085166684775694,
      0.39471387600461016,
      -0.051504460562750425,
      -0.06028191303670587,
      -2.8213707070464227,
      -0.4566836927514995
    ],
    "sentiment": [
      1.53180975322351,
      0.20514081832075406,
      -0.158057314066186,
      -0.13896533274297093,
      -1.289248478988074,
      -0.5549164170640877
    ],
    "summarization": [
      0.6086373795865659,
      0.2001728921742456,
      0.24091311150436565,
      -0.08318740094614442,
      -1.2306483021682528,
      -0.391281672242571
    ]
  },
  "runtime_variant": "per_intent_five_scores",
  "schema_version": "e2b-270m-matrix-regression-v1",
  "score_feature_names": [
    "deterministic_fit",
    "reasoning_demand",
    "knowledge_uncertainty",
    "generation_demand",
    "format_complexity"
  ],
  "training_scope": "all_available_3982_after_grouped_oof_evaluation"
}
