{
  "dimensions": {
    "deterministic_fit": {
      "calibrated_mae": 2.3333333333333335,
      "mapping": [
        4.6521739130434785,
        4.6521739130434785,
        4.6521739130434785,
        4.768115942028985,
        4.884057971014493,
        5.0,
        5.5,
        6.0,
        6.5,
        6.5,
        6.5
      ],
      "promoted": true,
      "raw_mae": 2.6989247311827955
    },
    "format_complexity": {
      "calibrated_mae": 1.4408602150537635,
      "mapping": [
        2.4782608695652173,
        2.4782608695652173,
        2.4782608695652173,
        3.5714285714285716,
        4.095238095238095,
        4.095238095238095,
        5.5,
        6.118421052631579,
        6.7368421052631575,
        6.7368421052631575,
        6.7368421052631575
      ],
      "promoted": true,
      "raw_mae": 1.4731182795698925
    },
    "generation_demand": {
      "calibrated_mae": 1.5913978494623655,
      "mapping": [
        3.7777777777777777,
        3.7777777777777777,
        3.7777777777777777,
        4.571428571428571,
        4.571428571428571,
        4.571428571428571,
        5.0,
        6.052631578947368,
        7.105263157894737,
        9.0,
        9.0
      ],
      "promoted": true,
      "raw_mae": 1.6021505376344085
    },
    "knowledge_uncertainty": {
      "calibrated_mae": 1.89247311827957,
      "mapping": [
        0.8,
        2.3088235294117645,
        2.3088235294117645,
        2.3088235294117645,
        2.3088235294117645,
        2.3088235294117645,
        2.3088235294117645,
        2.3088235294117645,
        2.3088235294117645,
        2.3088235294117645,
        2.3088235294117645
      ],
      "promoted": false,
      "raw_mae": 1.6881720430107527
    },
    "reasoning_demand": {
      "calibrated_mae": 1.5268817204301075,
      "mapping": [
        3.0,
        3.0,
        3.0,
        3.1538461538461537,
        4.049145299145299,
        4.944444444444445,
        5.0,
        5.9,
        6.8,
        7.699999999999999,
        8.6
      ],
      "promoted": false,
      "raw_mae": 1.5268817204301075
    }
  },
  "schema_version": "functiongemma-score-calibration-v1",
  "source_sha256": "8b4b45f85c84a8e38cae1264d7b5090191da79e4a6ecf8f9ff2ee2b610c28e48"
}
