{
  "artifacts": {
    "code_policy": {
      "path": "configs/code-verifier-policy-v1.json",
      "sha256": "e662348a2138364ac0d65f3a9e1b0a6a28ca71591229fce37f1f6433c850acb7"
    },
    "grounded_policy": {
      "path": "configs/grounded-verifier-policy-v1.json",
      "sha256": "2acccdef10de57ee0b19e4ab4e0c65a02ae012442a7b948392c92fc017f6e369"
    },
    "proof_policy": {
      "path": "configs/proof-verifier-policy-v1.json",
      "sha256": "7f15b93b93ef6dd1b407852114e8634ee585fa6b5f9067630589fcb81e02ebca"
    },
    "runtime": {
      "path": "router/orchestration/local_adjudication.py",
      "sha256": "0b1ef5dbe3fe061f8a2d419a00e35986c933edb3609684df24939cf585625400"
    }
  },
  "cohorts": {
    "code_sandbox": {
      "development_lineages": 36,
      "enabled": true,
      "post_threshold": 0.95
    },
    "grounded_context_qa": {
      "development_lineages": 36,
      "enabled": true,
      "post_threshold": 0.95
    },
    "grounded_ner": {
      "development_lineages": 36,
      "enabled": true,
      "post_threshold": 0.95
    },
    "grounded_sentiment": {
      "development_lineages": 37,
      "enabled": true,
      "post_threshold": 0.95
    },
    "grounded_summary": {
      "development_lineages": 38,
      "enabled": true,
      "post_threshold": 0.95
    },
    "proof_logic": {
      "development_lineages": 36,
      "enabled": true,
      "post_threshold": 0.95
    },
    "proof_math": {
      "development_lineages": 36,
      "enabled": true,
      "post_threshold": 0.95
    }
  },
  "default_enabled": false,
  "distribution_shift": {
    "maximum_score": 0.55,
    "reference": {
      "intent_mix": {
        "code_generation": 0.1346153846153846,
        "factual_qa": 0.19230769230769232,
        "logic_puzzle": 0.1346153846153846,
        "math_reasoning": 0.1346153846153846,
        "ner": 0.1346153846153846,
        "sentiment": 0.1346153846153846,
        "summarization": 0.1346153846153846
      },
      "score_mean": {
        "deterministic_fit": 0.75,
        "format_complexity": 0.3480769230769231,
        "generation_demand": 0.19423076923076923,
        "knowledge_uncertainty": 0.057692307692307696,
        "reasoning_demand": 0.33653846153846156
      },
      "score_std": {
        "deterministic_fit": 0.22574662447429522,
        "format_complexity": 0.20984461707084476,
        "generation_demand": 0.10636197545403718,
        "knowledge_uncertainty": 0.23316068563427195,
        "reasoning_demand": 0.0951291554310126
      }
    },
    "threshold_penalty": 0.25
  },
  "evidence": {
    "fresh_holdout": true,
    "holdout": {
      "abstention_rate": 0.5961538461538461,
      "correct_local_releases": 42,
      "coverage": 0.40384615384615385,
      "estimated_tokens_saved": 1501,
      "false_local_releases": 0,
      "precision": 1.0,
      "rows": 104,
      "selected_rows": 42,
      "unsupported_factual_releases": 0,
      "verifier_invalid_releases": 0,
      "wilson_lower_95": 0.916201209134296
    },
    "promotion_gates": {
      "factual_open_world_always_remote": true,
      "fresh_holdout_declared": true,
      "holdout_not_used_for_model_or_threshold_selection": true,
      "holdout_precision_at_least_85_percent": true,
      "holdout_wilson_at_least_75_percent": true,
      "minimum_20_development_lineages_per_enabled_family": true,
      "minimum_holdout_releases": true,
      "p95_adjudication_below_100_ms": true,
      "perturbation_flip_rate_below_5_percent": false,
      "split_groups_disjoint": true,
      "zero_false_local_releases": true,
      "zero_verifier_invalid_releases": true
    }
  },
  "fit": {
    "dataset_path": "evals/local-adjudication/adjudication-dataset.jsonl",
    "dataset_sha256": "074278c77d84bb6cb475063c915b42e68647b14a3eab5fa3e9e6c9191ff3bbd4",
    "fresh_holdout_rows": 104,
    "l2": 0.75,
    "label_policy": "post_correct_true_incorrect_or_uncertain_false;pre_registered_verifier_eligibility",
    "model_selection_split": "validation",
    "promotion_split": "fresh_holdout",
    "threshold_selection_split": "validation",
    "train_rows": 312,
    "validation_rows": 315
  },
  "models": {
    "post_response": {
      "coefficients": [
        -1.3865909385489996,
        -0.34931085985771526,
        -0.26130513261204436,
        -0.11756213197065095,
        -0.08047024154116438,
        -0.07634114467628199,
        0.0,
        -0.15938163858338023,
        0.10118367683758259,
        -0.5577239052681361,
        -0.30259726405156184,
        -0.2953256326277877,
        -0.09944802016201675,
        -0.22018112654345798,
        -0.3176596756761164,
        -0.19803237351181488,
        -0.45470727121116783,
        -0.26130513261204436,
        0.0,
        -0.07634114467628199,
        0.04719844960765547,
        0.0,
        -0.943187472403652,
        0.0,
        -0.26130513261204436,
        0.0,
        0.0,
        -0.05398522722992715,
        0.0,
        -0.11756213197065095,
        0.0,
        -0.07634114467628199,
        -0.15938163858338023,
        0.0,
        0.0,
        0.0,
        0.10118367683758259,
        -0.05398522722992715,
        -0.05398522722992715,
        -0.08047024154116438,
        -0.08047024154116438,
        -0.07634114467628199,
        0.0,
        -0.647861839775866,
        2.4801267394826247,
        -0.6497795519194134,
        0.9286226721930183,
        0.9286226721930183,
        2.021554135159241,
        2.4801267394826247,
        0.5269485294457323,
        0.8223609139427127,
        0.0,
        0.27835144539142825,
        -0.26130513261204436,
        -0.15938163858338023,
        0.10118367683758259,
        -0.07634114467628199,
        -0.05398522722992715,
        -0.11756213197065095,
        -0.08047024154116438
      ],
      "feature_names": [
        "bias",
        "intent.factual_qa",
        "intent.math_reasoning",
        "intent.sentiment",
        "intent.summarization",
        "intent.ner",
        "intent.code_debugging",
        "intent.logic_puzzle",
        "intent.code_generation",
        "score.deterministic_fit",
        "score.reasoning_demand",
        "score.knowledge_uncertainty",
        "score.generation_demand",
        "score.format_complexity",
        "struct.input_tokens_log",
        "shape.free_text",
        "shape.short_text",
        "shape.number",
        "shape.boolean",
        "shape.json",
        "shape.code",
        "shape.list",
        "struct.deadline_remaining_ratio",
        "solver_hint.arithmetic",
        "solver_hint.percent_fee_math",
        "solver_hint.proportional_rate",
        "solver_hint.numeric_compare",
        "solver_hint.literal_echo",
        "solver_hint.stable_factual_qa",
        "solver_hint.sentiment_lexicon",
        "solver_hint.constrained_summary",
        "solver_hint.entity_extract",
        "solver_hint.logic_ordering",
        "solver_hint.modus_ponens",
        "solver_hint.modus_tollens",
        "solver_hint.python_code_debug",
        "solver_hint.python_code_generation",
        "solver_hint.char_count",
        "solver_hint.word_count",
        "solver_hint.case_transform",
        "solver_hint.whitespace",
        "solver_hint.json_transform",
        "solver_hint.list_item",
        "evidence.verifier_supported",
        "evidence.verifier_accepted",
        "evidence.answer_contract_valid",
        "evidence.proof_valid",
        "evidence.proof_unique",
        "evidence.deterministic_e2b_agreement",
        "evidence.normalized_answer_equal",
        "evidence.execution_passed",
        "evidence.grounding_passed",
        "evidence.truncation_detected",
        "evidence.span_count",
        "verifier_family.proof_math",
        "verifier_family.proof_logic",
        "verifier_family.code_sandbox",
        "verifier_family.grounded_ner",
        "verifier_family.grounded_context_qa",
        "verifier_family.grounded_sentiment",
        "verifier_family.grounded_summary"
      ],