{
  "coefficients": [
    0.5586841882548497,
    -0.0016446426473224285,
    0.02419759625013615,
    0.0,
    -0.0016446426473224964,
    0.017906227473285536,
    0.0060750261528710135,
    0.006613967224305224,
    -0.004242867154507693,
    -0.03197999274111726,
    0.007632080219109931,
    -0.0003597985266596997,
    -0.015999933507499873,
    0.06118846795509335,
    0.02440799101811474,
    -0.31232236349806275,
    0.016429011691214565,
    -0.11277606734744407,
    0.022250551111608223,
    0.0,
    0.0,
    0.6066598778039458,
    0.3217257234594121,
    0.0,
    0.02470319998845688,
    -0.13611289026031806,
    0.05664517166828879,
    -0.002786696852839513,
    0.007179698998939701,
    0.002924756917679086,
    0.0132999450358779,
    -0.012816182339282637,
    0.05021929443722509,
    0.0,
    0.0,
    -0.05021929443719626
  ],
  "feature_names": [
    "bias",
    "tier_cheap",
    "tier_strong",
    "domain_formatting",
    "domain_classification",
    "domain_math_reasoning",
    "domain_logic",
    "domain_summarization",
    "domain_extraction",
    "domain_code_debug",
    "domain_code_generation",
    "domain_current_factual",
    "capability",
    "correlation",
    "reliability",
    "cost_utility",
    "latency_utility",
    "nash_product",
    "prisoner_payoff",
    "family_gpt_oss",
    "family_deepseek",
    "family_minimax",
    "family_kimi",
    "family_qwen",
    "interaction_minimax_math",
    "interaction_minimax_code_debug",
    "interaction_minimax_code_generation",
    "interaction_minimax_extraction",
    "interaction_kimi_math",
    "interaction_kimi_code_debug",
    "interaction_kimi_code_generation",
    "interaction_kimi_extraction",
    "reasoning_none",
    "reasoning_low",
    "reasoning_medium",
    "reasoning_omitted"
  ],
  "ridge_lambda": 0.35,
  "target_mean": 0.49171046151391445,
  "training_rows": 120
}
