{
  "coefficients": [
    0.8408925056546235,
    0.028128522620482377,
    -0.008277784277334074,
    0.030407667759150676,
    -0.0022791451386551874,
    0.012230688756730354,
    -0.00016444951829107282,
    0.026021035916262966,
    -0.0505610129787542,
    -0.016149353834434232,
    0.004182736585947385,
    -0.003688167547919531,
    -0.06506549722491736,
    0.17108582867272248,
    0.00031801886515468627,
    -0.014310848935089332,
    -0.0187250147269899,
    0.014310848934981904,
    -0.004118777598046185,
    0.016381806408126715,
    0.0,
    0.0,
    -0.015900943261162172,
    0.01590094326122166,
    0.0,
    0.0156860880553049,
    0.017818831685305955,
    0.012813927266762167,
    0.047996799477828506,
    -0.003455399298568343,
    -0.03396818551973841,
    -0.008631190680814799,
    -0.09855781245658601,
    0.008277784277372009,
    0.0,
    0.0,
    -0.008277784277334155
  ],
  "feature_names": [
    "bias",
    "tier_cheap",
    "tier_strong",
    "domain_formatting",
    "domain_classification",
    "domain_math_reasoning",
    "domain_logic",
    "domain_summarization",
    "domain_extraction",
    "domain_code_debug",
    "domain_code_generation",
    "domain_current_factual",
    "capability",
    "correlation",
    "reliability",
    "cost_utility",
    "token_utility",
    "latency_utility",
    "nash_product",
    "prisoner_payoff",
    "family_gpt_oss",
    "family_deepseek",
    "family_minimax",
    "family_kimi",
    "family_qwen",
    "interaction_minimax_math",
    "interaction_minimax_code_debug",
    "interaction_minimax_code_generation",
    "interaction_minimax_extraction",
    "interaction_kimi_math",
    "interaction_kimi_code_debug",
    "interaction_kimi_code_generation",
    "interaction_kimi_extraction",
    "reasoning_none",
    "reasoning_low",
    "reasoning_medium",
    "reasoning_omitted"
  ],
  "observed_models": [
    "accounts/fireworks/models/kimi-k2p7-code",
    "accounts/fireworks/models/minimax-m3"
  ],
  "ridge_lambda": 0.35,
  "target_mean": 0.940024983210423,
  "training_rows": 76
}
