{
  "coefficients": [
    0.5440585430324968,
    -0.0022171522224278713,
    0.018009938890042803,
    0.0,
    -0.0022171522224279263,
    0.023636716367386377,
    0.028324901345657617,
    -0.00543521162492262,
    -0.002657292348070807,
    -0.04773426890584494,
    0.013782590082848283,
    -0.0077002826946386445,
    0.009719721488103374,
    0.09108281597497475,
    0.023863891329029267,
    -0.2736834002802677,
    0.012328004266344277,
    -0.13186468381665994,
    -0.01278991613214917,
    0.0,
    0.0,
    0.5743959397005576,
    0.29795482869953716,
    0.0,
    0.07438576653947883,
    -0.21731793307842617,
    0.06806935693784175,
    -0.018272378341557708,
    0.032739512406218654,
    0.02632446198179439,
    0.016200477774230393,
    -0.016525964632863387,
    0.06617193549091624,
    0.0,
    0.0,
    -0.06617193549093932
  ],
  "feature_names": [
    "bias",
    "tier_cheap",
    "tier_strong",
    "domain_formatting",
    "domain_classification",
    "domain_math_reasoning",
    "domain_logic",
    "domain_summarization",
    "domain_extraction",
    "domain_code_debug",
    "domain_code_generation",
    "domain_current_factual",
    "capability",
    "correlation",
    "reliability",
    "cost_utility",
    "latency_utility",
    "nash_product",
    "prisoner_payoff",
    "family_gpt_oss",
    "family_deepseek",
    "family_minimax",
    "family_kimi",
    "family_qwen",
    "interaction_minimax_math",
    "interaction_minimax_code_debug",
    "interaction_minimax_code_generation",
    "interaction_minimax_extraction",
    "interaction_kimi_math",
    "interaction_kimi_code_debug",
    "interaction_kimi_code_generation",
    "interaction_kimi_extraction",
    "reasoning_none",
    "reasoning_low",
    "reasoning_medium",
    "reasoning_omitted"
  ],
  "ridge_lambda": 0.35,
  "target_mean": 0.48528429506908105,
  "training_rows": 80
}
