{
  "coefficients": [
    0.8221233983764978,
    0.03221554495299779,
    -0.00778897388435556,
    0.029654357758505983,
    0.002561187194494589,
    0.014057189995921633,
    -0.006541272910871426,
    0.03241766816253855,
    -0.04793349705743545,
    -0.018421473518707827,
    -0.0024236861389316977,
    -0.0033704734854740456,
    -0.062116764122249396,
    0.1587512432157732,
    5.733543576743174e-06,
    -0.00025800946583475067,
    0.00025800946575390643,
    0.0006941125649988697,
    0.05199417895084486,
    0.0,
    0.0,
    -0.00028667718422391026,
    0.0002866771842638988,
    0.0,
    0.011025998225947398,
    0.0378207527622045,
    0.018967269892348083,
    0.04685742005097397,
    0.003031191769968156,
    -0.05624222628091103,
    -0.02139095603128,
    -0.09479091710840719,
    0.007788973884345025,
    0.0,
    0.0,
    -0.007788973884355508
  ],
  "feature_names": [
    "bias",
    "tier_cheap",
    "tier_strong",
    "domain_formatting",
    "domain_classification",
    "domain_math_reasoning",
    "domain_logic",
    "domain_summarization",
    "domain_extraction",
    "domain_code_debug",
    "domain_code_generation",
    "domain_current_factual",
    "capability",
    "correlation",
    "reliability",
    "cost_utility",
    "latency_utility",
    "nash_product",
    "prisoner_payoff",
    "family_gpt_oss",
    "family_deepseek",
    "family_minimax",
    "family_kimi",
    "family_qwen",
    "interaction_minimax_math",
    "interaction_minimax_code_debug",
    "interaction_minimax_code_generation",
    "interaction_minimax_extraction",
    "interaction_kimi_math",
    "interaction_kimi_code_debug",
    "interaction_kimi_code_generation",
    "interaction_kimi_extraction",
    "reasoning_none",
    "reasoning_low",
    "reasoning_medium",
    "reasoning_omitted"
  ],
  "observed_models": [
    "accounts/fireworks/models/kimi-k2p7-code",
    "accounts/fireworks/models/minimax-m3"
  ],
  "ridge_lambda": 0.35,
  "target_mean": 0.9535939820287889,
  "training_rows": 76
}
